Police,Army
ק סכעיט דז מא מנכם למטכין נשואי מנורךגולר מונפרר סוברט לורם שבצק יהול לכנוץ בעריר גק לי111,ק סכעיט דז מא מנכם למטכין נשואי מנורךגולר מונפרר סוברט לורם שבצק יהול לכנוץ בעריר גק לי111
ק סכעיט דז מא מנכם למטכין נשואי מנורךגולר מונפרר סוברט לורם שבצק יהול לכנוץ בעריר גק לי222,ק סכעיט דז מא מנכם למטכין נשואי מנורךגולר מונפרר סוברט לורם שבצק יהול לכנוץ בעריר גק לי222
ק סכעיט דז מא מנכם למטכין נשואי מנורךגולר מונפרר סוברט לורם שבצק יהול לכנוץ בעריר גק לי333,ק סכעיט דז מא מנכם למטכין נשואי מנורךגולר מונפרר סוברט לורם שבצק יהול לכנוץ בעריר גק לי333
ק סכעיט דז מא מנכם למטכין נשואי מנורךגולר מונפרר סוברט לורם שבצק יהול לכנוץ בעריר גק לי444,ק סכעיט דז מא מנכם למטכין נשואי מנורךגולר מונפרר סוברט לורם שבצק יהול לכנוץ בעריר גק לי444
ק סכעיט דז מא מנכם למטכין נשואי מנורךגולר מונפרר סוברט לורם שבצק יהול לכנוץ בעריר גק לי555,ק סכעיט דז מא מנכם למטכין נשואי מנורךגולר מונפרר סוברט לורם שבצק יהול לכנוץ בעריר גק לי555
ק סכעיט דז מא מנכם למטכין נשואי מנורךגולר מונפרר סוברט לורם שבצק יהול לכנוץ בעריר גק לי666,ק סכעיט דז מא מנכם למטכין נשואי מנורךגולר מונפרר סוברט לורם שבצק יהול לכנוץ בעריר גק לי666
ק סכעיט דז מא מנכם למטכין נשואי מנורךגולר מונפרר סוברט לורם שבצק יהול לכנוץ בעריר גק לי777,ק סכעיט דז מא מנכם למטכין נשואי מנורךגולר מונפרר סוברט לורם שבצק יהול לכנוץ בעריר גק לי777
ק סכעיט דז מא מנכם למטכין נשואי מנורךגולר מונפרר סוברט לורם שבצק יהול לכנוץ בעריר גק לי888,ק סכעיט דז מא מנכם למטכין נשואי מנורךגולר מונפרר סוברט לורם שבצק יהול לכנוץ בעריר גק לי888
 סכעיט דז מא מנכם למטכין נשואי מנורךגולר מונפרר סוברט לורם שבצק יהול לכנוץ בעריר גק לי888,ק סכעיט דז מא מנכם למטכין נשואי מנורךגולר מונפרר סוברט לורם שבצק יהול לכנוץ בעריר גק לי888
